cb_abandoned_calls,segstart_utc,varchar,"1687016857, 1655604784, 1660695333"
cb_abandoned_calls,segstop_utc,varchar,"1687018077, 1655605231, 1660695466"
cb_abandoned_calls,queuetime,varchar,"30, 31, 32"
cb_abandoned_calls,ringtime,varchar,"0, 44, 1"
cb_abandoned_calls,ID,varchar,"59620, 34249, 114393"
cb_abandoned_calls,cb_datasetref,varchar,abandoned-calls-jan-2022-june-23
cb_abandoned_calls,cb_date_added,varchar,00:00.0
cb_abandoned_calls,person_id,varchar,"879D0AA0E8C9C30425B0BB41A143847521FEB8756452FBAD7232A4001A3C8442, D2227CEB9411A7B69F95F052E8A4EC62684F9173C141D206869ECF4BFBCB2BC2, 919E663E75098B5C69E656F3FE39F865C414118CA1E8F4EE8DED2157928C748F"
cb_ADSItem,ADSMeasure,varchar,"YAS01, ADS74, ADS68"
cb_ADSItem,ItemCode,varchar,"861931000000100, 9999999999901"
cb_ADSItem,ItemDescription,varchar,"Medical, Occurred / onset unknown, No MECC intervention"
cb_ADSItem,unique_epr_id,varchar,"511FB4792133399D27F6A5511ED2DE2CB35AE48EF2899883921BEF610EF400D9, AAFD626E4987C142BBF4DAC201E8422F5E3EF2EA52C206CEF201B827A794AB42, 99F4AD5903CB6278A8175FC5385414BBDBCEBE6ADCD066C5BE508123F52FBB6D"
cb_ADSItem,cb_datasetref,varchar,"YAS-EPR-March2023, YAS-ePR-2019-to-2023-cohort2, YAS-ePR-2024-01-01-to-2024-02-04"
cb_Assessment,APGARScore,int,"10, 9"
cb_Assessment,BBAActivity,varchar,", Active"
cb_Assessment,BBAAppearance,varchar,", Completely pink"
cb_Assessment,BBAGrimace,varchar,", Prompt response to stimulation"
cb_Assessment,BBAMeconiumPresent,bit,"0, 1"
cb_Assessment,BBAMidwifePresent,bit,"1, 0"
cb_Assessment,BBAPlacentaDelivered,bit,"0, 1"
cb_Assessment,BBAPulse,varchar,", &gt; 100 BPM"
cb_Assessment,BBARespiration,varchar,", Vigorous cry"
cb_Assessment,BBATimeOfBirth,datetime,"Jan  1 1753 12:00AM, Jun  3 2024  7:51AM"
cb_Assessment,BBAType,varchar,"Before crew, Crew present"
cb_Assessment,CommsNeeds,bit,"0, 1"
cb_Assessment,DetainedMentalHealthAct,bit,"0, 1"
cb_Assessment,DNACPR,bit,"0, 1"
cb_Assessment,DOLS,bit,"0, 1"
cb_Assessment,EmergTreatmentPlan,bit,"0, 1"
cb_Assessment,HistoryOfDementia,bit,"0, 1"
cb_Assessment,InitialPresentation,varchar,", Falls, Pain â€“ other"
cb_Assessment,InitialPresentationID,int,"0, 34, 64"
cb_Assessment,LearningDisability,bit,"0, 1"
cb_Assessment,PatientAllergies,varchar,"0, 1, 2"
cb_Assessment,SocialCareInvolment,bit,"0, 1"
cb_Assessment,unique_epr_id,varchar,"9B0DECD0B56FEE0E264D951AAB7404018086CAA26E1FED3CE266F9FE14209147, 3AEB9F62DBF989F5A37203D80820285CD76EE422FAF19A74983CCAA7E6F5034F, AA45D1CFE64C32A90DB8A85B750520AF0BD631700225EB63D6DA5C9714B81EC8"
cb_Assessment,cb_datasetref,varchar,"YAS-EPR-March2023, YAS-ePR-2019-to-2023-cohort2, YAS-ePR-2024-01-01-to-2024-02-04"
cb_InterventionsAirway,ivaSize,int,"6, 7"
cb_InterventionsAirway,ivaSuccess,bit,"1, 0"
cb_InterventionsAirway,ivaType,varchar,"OxygenTherapy, IGel, HeadTiltChinLift"
cb_InterventionsAirway,unique_epr_id,varchar,"4CD7305E1E6692410EF13F862EEF2730A30A1F6988E3101B9EE200FEFC73F582, 2D27FA869B0CE5074970CAF68330E4FA70D9B2CE7472664A925F465AA8207FF9, 0586882C45A362E413F581E2E5AEE055557295FEA054903E5A25BDF5DFEE48F2"
cb_InterventionsAirway,cb_datasetref,varchar,"YAS-EPR-March2023, YAS-ePR-2019-to-2023-cohort2, YAS-ePR-2024-09-09-to-2024-10-20"
cb_InterventionsCannulation,icnAseptic,bit,"1, 0"
cb_InterventionsCannulation,icnFlushed,bit,"1, 0"
cb_InterventionsCannulation,icnSucces,bit,"1, 0"
cb_InterventionsCannulation,icnType,varchar,"IV, IO"
cb_InterventionsCannulation,icnUnableReason,varchar,"Other, PatRefuse"
cb_InterventionsCannulation,cb_datasetref,varchar,"YAS-EPR-March2023, YAS-ePR-2024-09-09-to-2024-10-20, YAS-ePR-2019-to-2023-cohort2"
cb_InterventionsClinicalProc,icpCatheterFirstTime,bit,"0, 1"
cb_InterventionsClinicalProc,icpCatheterFirstTimeSize,varchar,", 14"
cb_InterventionsCannulation,unique_epr_id,varchar,"355B2141210879635C30B47F8501985431C744427B8ABBA1B98B4477CD0AAE8F, 793B57D8730BC089A9A29CE0E1C4E0EDBC26DEBD731CF12F28CD6628696D52D5, 3ED8D579F7A4F17B24993A506B50EAA220CC6A81B3C93E20B4AE05F0883A4A01"
cb_InterventionsClinicalProc,icpCatheterReplace,bit,"1, 0"
cb_InterventionsClinicalProc,icpCatheterReplaceSize,varchar,", 14"
cb_InterventionsClinicalProc,icpCatheterType,varchar,"UrinaryCatheterisation, BladderIrrigation"
cb_InterventionsClinicalProc,icpPregnancyTest,bit,"0, 1"
cb_InterventionsClinicalProc,icpUrinalysisSampleSent,bit,"0, 1"
cb_InterventionsClinicalProc,icpWoundClosureAdviceGiven,bit,"1, 0"
cb_InterventionsClinicalProc,icpWoundClosureSteriStrips,bit,"0, 1"
cb_InterventionsClinicalProc,icpWoundClosureSteriStripsNumUsed,int,"3, 2"
cb_InterventionsClinicalProc,icpWoundClosureSuture,bit,"0, 1"
cb_InterventionsClinicalProc,icpWoundClosureSutureNumUsed,int,"3, 4"
cb_InterventionsClinicalProc,icpWoundClosureSutureSize,float,"4, 3"
cb_InterventionsClinicalProc,icpWoundClosureWoundGlue,bit,"1, 0"
cb_InterventionsClinicalProc,icpWoundDressingAdviceGiven,bit,"1, 0"
cb_InterventionsClinicalProc,unique_epr_id,varchar,"EC23231E9757580EA66FFBB0D278996BAD5391B1BDCCD4CC8E47100A407EBDD2, 00027557098864E3203AB377E488A274D47421EBFE1A4F079952CA15797746FE, 0022247D804936600AAC2CC868FC0A95BD540744C7200F221413461D3F874838"
cb_InterventionsClinicalProc,cb_datasetref,varchar,"YAS-ePR-2019-to-2023-cohort2, YAS-EPR-March2023, YAS-ePR-2024-09-09-to-2024-10-20"
cb_InterventionsDrugAdmin,idaDosage,varchar,"1, 5, 2.5 "
cb_InterventionsDrugAdmin,idaDosageUnit,varchar,"Milligrams, Grams, Litre/Min"
cb_InterventionsDrugAdmin,idaDrugName,varchar,"Oxygen, Paracetamol, Morphine Sulphate"
cb_InterventionsDrugAdmin,idaEndTime,datetime,"Oct 20 2024  5:30PM, Sep 16 2024  7:28AM"
cb_InterventionsDrugAdmin,idaRoute,varchar,"Intravenous, Inhaled, Oral"
cb_InterventionsDrugAdmin,idaStartTime,datetime,"Sep 18 2024  9:00PM, Oct  2 2024 10:00PM, Sep 24 2024  9:00PM"
cb_InterventionsDrugAdmin,unique_epr_id,varchar,"2A282F371B23A80B3C2BCDBC2C1D42DE8117ABE46DA842747C43EF5D93FA62BC, 565CD19549D279653470148938A7DF18132218BA4792799C782190FD2308B82B, 787AC53397912A5B055001B920E40A2C507873754D767FFA267DB2DE041A0B11"
cb_InterventionsDrugAdmin,cb_datasetref,varchar,"YAS-EPR-March2023, YAS-ePR-2024-09-09-to-2024-10-20, YAS-ePR-2019-to-2023-cohort2"
cb_InterventionsExtrication,iexDeclinedReason,varchar,"PatientRefusal, Other"
cb_InterventionsExtrication,iexPostDistalPulse,bit,"1, 0"
cb_InterventionsExtrication,iexPostDistalSensation,bit,"1, 0"
cb_InterventionsExtrication,iexPostLimbPerfused,bit,"1, 0"
cb_InterventionsExtrication,iexPreDistalPulse,bit,"1, 0"
cb_InterventionsExtrication,iexPreDistalSensation,bit,"1, 0"
cb_InterventionsExtrication,iexPreLimbPerfused,bit,"1, 0"
cb_InterventionsExtrication,iexTime,datetime,"Sep 25 2024 10:00AM, Oct 12 2024  6:30PM"
cb_InterventionsExtrication,iexType,varchar,"Scoop, Other, CervicalCollar"
cb_InterventionsExtrication,unique_epr_id,varchar,"A872D3B6F76796661FCD1B947D04FC14C417FB08D507E4375A0F0DC36FD3251B, 5534A5D86887641F3A62398BA24D23CA018073F334EE82CEA3EDB582EC6E4BDD, CCF0E3A174575DB354D3F0648EEBE2C5E19945DBAC297BA4B500B68CBAF8A47F"
cb_InterventionsExtrication,cb_datasetref,varchar,"YAS-EPR-March2023, YAS-ePR-2024-09-09-to-2024-10-20, YAS-ePR-2024-01-01-to-2024-02-04"
cb_InterventionsIntubation,ivtBougie,bit,"1, 0"
cb_InterventionsIntubation,ivtBURP,bit,"0, 1"
cb_InterventionsIntubation,ivtCOETTSize,float,"8, 7, 9"
cb_InterventionsIntubation,ivtCOETTSuccess,bit,"1, 0"
cb_InterventionsIntubation,ivtCricoid,bit,"0, 1"
cb_InterventionsIntubation,ivtGradeView,varchar,"1, 2a, "
cb_InterventionsIntubation,ivtLengthAtTeeth,int,"22, 24"
cb_InterventionsIntubation,ivtSoilingCords,bit,"1, 0"
cb_InterventionsIntubation,unique_epr_id,varchar,"AD8B78FA0BCAEB84C5E7FC5C3F0F4926C95939CC9D62E26489C36D436B448F90, 010DF7C5883D51B70B4328F9976A4EB4D02D1D41D30ED92D7CF593A03B970075, 01A8B58432BC77883CB3530D827E2749E57C2667D79F974B63AF1F2A9D4E87FC"
cb_InterventionsIntubation,cb_datasetref,varchar,"YAS-ePR-2019-to-2023-cohort2, YAS-ePR-2024-09-09-to-2024-10-20, YAS-EPR-March2023"
cb_InterventionsPatAdvice,ipaType,varchar,"Other, WoundCareAdvice, HeadInjuryAdvice"
cb_InterventionsPatAdvice,ipaVerbal,bit,"1, 0"
cb_InterventionsPatAdvice,ipaWritten,bit,"0, 1"
cb_InterventionsPatAdvice,unique_epr_id,varchar,"A2209FC93BF117513C20B8D0C5E26CEE12E7AB4EF95271875F59F407BF9617C5, B4A7C757FDEEB09AF17458855588051BB8E9E721DD915C8FCAFAC367B14957A2, 4150E4BB684DED0918F5CACDC14E67FD35B49D75559A374E0DC20B8FE59602B8"
cb_InterventionsPatAdvice,cb_datasetref,varchar,"YAS-ePR-2019-to-2023-cohort2, YAS-EPR-March2023, YAS-ePR-2024-09-09-to-2024-10-20"
cb_InterventionsResuscitation,ircArrestTime,datetime,"Jan  1 1753 12:00AM, Oct  5 2024  1:25PM"
cb_InterventionsResuscitation,ircCardiac,bit,"0, 1"
cb_InterventionsResuscitation,ircCPAD,bit,"0, 1"
cb_InterventionsResuscitation,ircCPRTime,varchar,"10:00:00, 09:20:00"
cb_InterventionsResuscitation,ircCPRTimeYAS,varchar,"11:05:00, 10:04:00"
cb_InterventionsResuscitation,ircFirstShockTime,varchar,"00:00:00, 16:40:00"
cb_InterventionsResuscitation,ircFurtherArrestRhythm,varchar,"PEA, Asystole"
cb_InterventionsResuscitation,ircInitialArrestRhythm,varchar,"Asystole, PEA, VF"
cb_InterventionsResuscitation,ircMechCPR,bit,"0, 1"
cb_InterventionsResuscitation,ircResusAttempts,varchar,"Bystander, Other"
cb_InterventionsResuscitation,ircROSCRhythmType,varchar,"Tachycardic, "
cb_InterventionsResuscitation,ircROSCTime,datetime,"Jan  1 1753 12:00AM, Oct  5 2024  1:43PM, Dec  1 2023  9:50AM"
cb_InterventionsResuscitation,ircShockCount,int,"1, 2"
cb_InterventionsResuscitation,ircSuspendResus,bit,"1, 0"
cb_InterventionsResuscitation,ircSuspendResusTime,datetime,"Jan  1 1753 12:00AM, Oct  5 2024 10:59AM"
cb_InterventionsResuscitation,unique_epr_id,varchar,"0372C3A8D66B8AE93CE05E8BD816B2819C3FD4B9F016657D2BBEB4689F648233, 2D9F1828EB2FF468B756993A50A9B18D5D5DB840667B7FDE003825BAEBDEE1CD, 3DDDC8662F0A4E7213ED5A9B45E81D8BFC1AB7789150722F1A3641ABE9AC2431"
cb_InterventionsResuscitation,cb_datasetref,varchar,"YAS-ePR-2019-to-2023-cohort2, YAS-EPR-March2023, YAS-ePR-2024-09-09-to-2024-10-20"
cb_missing_iuc_cases_final,CaseRef,varchar,"1BBBE733935FEDA7F3B8751DC4AC1AD78FD62470A7DBCCF82E3346D88A8D2CF4, 44662BD1D8761298E438E068BEBA5B7C78ADCF4EFB5BA1BBA6DE52CDBA754A8B, 2BD39408267D8A48CA57DBBE5A1C7356C8843D036AEEB952874AE8DA71D64694"
cb_missing_iuc_cases_final,CaseNo,varchar,"B7F2972346BCC8193B74A215AC81C18000A0891F7E0CA515BDBF6EE1D61745D3, 8E3170756C6450BE30E6329058D98424D73C72CBC2427A34D2EF26CCA309F3D8, 140C9C7308CBD592FFF749A42614ED8B7AB4B76E05A53F1B034A4BFD46B8E3C4"
cb_missing_iuc_cases_final,Receiving Call Centre,varchar,"Wakefield, Rotherham, Remote Working"
cb_missing_iuc_cases_final,999 to 111,int,1
cb_missing_iuc_cases_final,999 CAD Number,varchar,"9DF456A98CD66B0A44234BAAE937A225F184579C71B316C6A20995B19CD81D06, 31D6BBE1D1503A4601A7B11677E978CA7543B8C85B18F75B6F9FFE9B6209399D, 7DAB9A0C61ADE9D5FB38A470210780F8FDDB1F9E55C4107A9391E168E6F00B02"
cb_missing_iuc_cases_final,Call_Commenced_Date_Time,datetime,"Aug  1 2022  7:20PM, Aug  2 2022 12:36PM, Feb 26 2023 11:49AM"
cb_missing_iuc_cases_final,Age,int,"1, 2, 0"
cb_missing_iuc_cases_final,Sex,varchar,"F, M, N"
cb_missing_iuc_cases_final,Patient Home Postcode,varchar,"S5, HU9, HU7"
cb_missing_iuc_cases_final,Patient Current Postcode,varchar,"S5, HU9, HU7"
cb_missing_iuc_cases_final,CCG Name,varchar,"NHS Sheffield CCG, NHS Bradford Districts CCG, NHS Leeds West CCG"
cb_missing_iuc_cases_final,GP Surgery,varchar,"New Hall Surgery(Hull), Victoria Way (Priory Medical Group)"
cb_missing_iuc_cases_final,GP Surgery ID,varchar,"B82005, B81048"
cb_missing_iuc_cases_final,First Party Caller,int,1
cb_missing_iuc_cases_final,Case Type,varchar,"IUC Cases, IUC Clinician, Priority Case"
cb_missing_iuc_cases_final,Highest Skillset,varchar,"Call Handler, Clinical Advisor"
cb_missing_iuc_cases_final,Call Handler 1 - Triage Start Time,datetime,"Aug  8 2020 12:01PM, Jun 13 2021  8:37AM"
cb_missing_iuc_cases_final,Call Handler 1 - Triage End Time,datetime,"Jun 13 2021  8:42AM, Aug  1 2022  1:51PM"
cb_missing_iuc_cases_final,Call Handler 1 - Dx Code,varchar,"Dx05, Dx02, Dx06"
cb_missing_iuc_cases_final,Call Handler 2 - Triage Start Time,datetime,"Aug  2 2022  4:44PM, Aug  2 2022  2:09AM"
cb_missing_iuc_cases_final,Call Handler 2 - Triage End Time,datetime,"Jan 13 2024 12:34PM, Jun 16 2023  2:07PM"
cb_missing_iuc_cases_final,Call Handler 2 - Dx Code,varchar,"Dx02, Dx108"
cb_missing_iuc_cases_final,Call Handler 3 - Triage Start Time,datetime,"Aug  1 2022  8:16PM, Aug 18 2021  9:41AM"
cb_missing_iuc_cases_final,Call Handler 3 - Triage End Time,datetime,"Aug  2 2022  3:38PM, Mar 20 2023  9:46AM"
cb_missing_iuc_cases_final,Call Handler 3 - Dx Code,varchar,"Dx02, Dx108"
cb_missing_iuc_cases_final,Clinical Advisor 1 - Triage Start Time,datetime,"Aug 22 2021 10:30AM, Mar  7 2021  8:04AM"
cb_missing_iuc_cases_final,Clinical Advisor 1 - Triage End Time,datetime,"Aug  2 2022  6:52PM, Aug  2 2022  4:38PM"
cb_missing_iuc_cases_final,Clinical Advisor 1 - Dx Code,varchar,"Dx108, Dx02"
cb_missing_iuc_cases_final,Clinical Advisor 2 - Triage Start Time,datetime,"Jul 16 2020 12:00PM, Aug  2 2022 11:28AM"
cb_missing_iuc_cases_final,Clinical Advisor 2 - Triage End Time,datetime,"Aug  1 2022  8:03PM, Aug  2 2022 11:41AM"
cb_missing_iuc_cases_final,Clinical Advisor 2 - Dx Code,varchar,"Dx108, Dx21"
cb_missing_iuc_cases_final,Clinical Advisor 3 - Triage Start Time,datetime,"Oct 28 2021 10:20AM, Oct 26 2020 11:13AM"
cb_missing_iuc_cases_final,Clinical Advisor 3 - Triage End Time,datetime,"Nov  1 2021  8:04PM, Jan 16 2021  3:42PM"
cb_missing_iuc_cases_final,Clinical Advisor 3 - Dx Code,varchar,"Dx108, Dx21"
cb_missing_iuc_cases_final,Non-Clinical Dx Code,varchar,"Dx02, Dx05, Dx06"
cb_missing_iuc_cases_final,Non-Clinical Dx Description,varchar,"To contact a Primary Care Service within 2 Hours, Refer to Treatment Centre within 1 hour, To contact a Primary Care Service within 6 Hours"
cb_missing_iuc_cases_final,NHS England MDS - Non-Clinical Dx Group,varchar,"5.25a (Contact to Primary care), 5.26 (Other Service), 5.24 (A&amp;E)"
cb_missing_iuc_cases_final,IUC ADC - Non-Clinical Dx Group,varchar,"5.6.1.3., 5.6.1.7., 5.6.1.2."
cb_missing_iuc_cases_final,Clinical Dx Code,varchar,"Dx108, Dx02"
cb_missing_iuc_cases_final,Clinical Dx Description,varchar,"Home Management, The call is closed with no further action needed"
cb_missing_iuc_cases_final,NHS England MDS - Clinical Dx Group,varchar,"5.25a (Contact to Primary care), 5.25b (Speak to Primary care)"
cb_missing_iuc_cases_final,IUC ADC - Clinical Dx Group,varchar,"5.6.1.3., 5.6.1.4."
cb_missing_iuc_cases_final,Final Dx Code,varchar,"Dx02, Dx05, Dx06"
cb_missing_iuc_cases_final,Final Dx Description,varchar,"To contact a Primary Care Service within 2 Hours, Refer to Treatment Centre within 1 hour, To contact a Primary Care Service within 6 Hours"
cb_missing_iuc_cases_final,NHS England MDS - Final Dx Group,varchar,"5.25a (Contact to Primary care), 5.24 (A&amp;E), 5.25b (Speak to Primary care)"
cb_missing_iuc_cases_final,IUC ADC - Final Dx Group,varchar,"5.6.2.3., 5.6.2.2., 5.6.2.4."
cb_missing_iuc_cases_final,First Pathway Selected,varchar,"Pathway selected - Abdominal Pain, Pathway selected - Skin Problems"
cb_missing_iuc_cases_final,Final Symptom Group,int,"1039, 1234, 1140"
cb_missing_iuc_cases_final,Final Symptom Discriminator,int,"4003, 4052, 4474"
cb_missing_iuc_cases_final,CallBackRequired,int,1
cb_missing_iuc_cases_final,Call Back Start Time,datetime,"Aug  1 2022  1:51PM, Aug  1 2022  7:51AM"
cb_missing_iuc_cases_final,Called Back,int,1
cb_missing_iuc_cases_final,First Attempted Callback Time,datetime,"Aug  2 2022 11:14AM, Aug  2 2022  8:18AM"
cb_missing_iuc_cases_final,Call Back End Time,datetime,"Aug  1 2022  8:14PM, Aug  2 2022  6:23PM"
cb_missing_iuc_cases_final,Total Attempted Callbacks,int,"1, 2"
cb_missing_iuc_cases_final,Referral Service,varchar,"GP Out Of Hours - Sheffield, South Yorkshire (HOME OOH PROVIDER), GP Out of Hours - Leeds (Lexicon House) WYUC (HOME OOH PROVIDER)"
cb_missing_iuc_cases_final,Referral Service Type,varchar,"Integrated Urgent Care (IUC) Treatment, GP Practice"
cb_missing_iuc_cases_final,Warm Transferred,int,1
cb_missing_iuc_cases_final,Secure Information Transfer (ITK or E-Mail),int,1
cb_missing_iuc_cases_final,Direct Booking,int,1
cb_missing_iuc_cases_final,Direct Booking Service,varchar,"Sheffield Walk In Centre  / N Y02565 Nhs111 Y02565, LGI - Emergency Department / Appointments"
cb_missing_iuc_cases_final,Appointment Time,datetime,"Aug  2 2022  9:00AM, May  4 2021  8:00AM"
cb_missing_iuc_cases_final,Rejected Service,varchar,"Boots Pharmacy, YAS NHS111 - Emergency Department Verification"
cb_missing_iuc_cases_final,Rejected Service Reason,varchar,"Other reason, Not clinically appropriate"
cb_missing_iuc_cases_final,cb_datasetref,varchar,"YAS, CB_Missing_IUC_BAckLoad"
cb_Mobility,mobItemDecReason,varchar,"PatientRefuse, Other"
cb_Mobility,mobItemUsed,varchar,"Stretcher, SelfMobile, CarryChair"
cb_Mobility,mobType,varchar,"MobilityToAmbulance, MobilityAmbToDestination, MovingAndHandlingAids"
cb_Mobility,unique_epr_id,varchar,"08138DD35B7EC874F76D8E06A64DCB4C4979E8FD3EB4F944C6A9DEC612D507F0, BE32AB200A7B0326543BB35BFE4E8ABE49995ED1829B08E0CDFC39F1493880EE, 473C44F3ED7CD1282A246968175A2C3C1FE995E5441E3851D8393CFDB4D7C83C"
cb_Mobility,cb_datasetref,varchar,"YAS-EPR-March2023, YAS-ePR-2019-to-2023-cohort2, YAS-ePR-2024-01-01-to-2024-02-04"
cb_Observations,NEWSScore,int,"0, 1"
cb_Observations,obsAlcoholSuspected,bit,"1, 0"
cb_Observations,obsAVPU,varchar,"Alert, Confusion"
cb_Observations,obsBloodSugar,float,"5.6, 5.2"
cb_Observations,obsBloodSugarIndicator,varchar,"HIGH, LOW"
cb_Observations,obsBPDiastolic,int,"78, 80"
cb_Observations,obsBPMeasuredPos,varchar,"Lying / Sitting, Sitting"
cb_Observations,obsBPSystolic,int,"130, 140"
cb_Observations,obsCapillaryCentral,int,"2, 1"
cb_Observations,obsCapillaryPeripheral,int,"2, 1"
cb_Observations,obsCapillaryRefilSeconds,int,"2, 3"
cb_Observations,obsCapillaryRefilType,varchar,"Peripheral, Central"
cb_Observations,obsDrugsSuspected,bit,"1, 0"
cb_Observations,obsECGMonitored,bit,"0, 1"
cb_Observations,obsEtCo2,float,"0, 6.7"
cb_Observations,obsGCSE,int,"4, 3"
cb_Observations,obsGCSM,int,"6, 5"
cb_Observations,obsGCSScore,int,"15, 14"
cb_Observations,obsGCSV,int,"5, 4"
cb_Observations,obsHypercapnicRespFailure,varchar,"0, 1"
cb_Observations,obsMCAssessmentTime,datetime,"Jan  1 1753 12:00AM, Jun 12 2024  3:00PM"
cb_Observations,obsMCOver16,bit,"1, 0"
cb_Observations,obsMCPhysicalInjury,bit,"1, 0"
cb_Observations,obsMentalCapInDoubtStatus,bit,"1, 0"
cb_Observations,obsObserationType,varchar,"Subsequent, Primary, MentalCapacity"
cb_Observations,obsPainScore,int,"0, 2"
cb_Observations,obsPainScoreUTRReason,varchar,"PatNotUnderstand, PatUnable"
cb_Observations,obsPeakFlow,int,"0, 150"
cb_Observations,obsPulseManual,int,"80, 90"
cb_Observations,obsPupilReactionLeftSize,int,"3, 4"
cb_Observations,obsPupilReactionLeftStatus,varchar,"NORMAL, YES"
cb_Observations,obsPupilReactionLeftUTRReason,varchar,"Refused, Closed"
cb_Observations,obsPupilReactionRightSize,int,"3, 4"
cb_Observations,obsPupilReactionRightStatus,varchar,"NORMAL, YES"
cb_Observations,obsPupilReactionRightUTRReason,varchar,"Refused, Closed"
cb_Observations,obsRespRate,int,"18, 16, 20"
cb_Observations,obsSp02Air,int,"98, 97, 96"
cb_Observations,obsSupplimentalOxy,varchar,"False, True"
cb_Observations,obsTempDeg,float,"36.7, 36.6"
cb_Observations,obsTimeCompletedUser,datetime,"Jun 22 2024 11:15AM, Jun 20 2024  4:00PM"
cb_Observations,unique_epr_id,varchar,"1A30B0B5F340641D190793976A6219C9C0DBAB088CB1D6ACC2BDF9F708FE4BD8, 9B0DECD0B56FEE0E264D951AAB7404018086CAA26E1FED3CE266F9FE14209147, 6F6E5541EE5C950FC0D406FAEBD5136E097E576808F8E7C5FF1FF5EFF51AE670"
cb_Observations,cb_datasetref,varchar,"YAS-EPR-March2023, YAS-ePR-2019-to-2023-cohort2, YAS-ePR-2024-01-01-to-2024-02-04"
cb_ObservationsECG,obeAbnormalityType,varchar,"RBBB, LBBB"
cb_ObservationsECG,obeContMonitored,bit,"0, 1"
cb_ObservationsECG,obeLead,varchar,"12Lead, 3Lead, UTR"
cb_ObservationsECG,obeTimeUser,datetime,"Sep 23 2024  7:40AM, Sep 23 2024 10:30AM, Jun 21 2024  2:00PM"
cb_ObservationsECG,obeType,varchar,"Primary, Subsequent"
cb_ObservationsECG,obeUTRReason,varchar,"PatientRefused, Other"
cb_ObservationsECG,unique_epr_id,varchar,"4FA8C08666BE64D8273375D4FD1AB1170E35DF211F1046E69C61063B59F9A3D3, AB8D408A24ADE800326BAB2107B64FDF704C39823CF0C0EB34DD01C0627E344B, D5698263E59A04CF15D990BB5430641990B5E8DCCC6C11AACD82392BA91523F7"
cb_ObservationsECG,cb_datasetref,varchar,"YAS-EPR-March2023, YAS-ePR-2019-to-2023-cohort2, YAS-ePR-2024-09-09-to-2024-10-20"
cb_ObservationsFAST,obfArmWeakness,varchar,"None, Left"
cb_ObservationsFAST,obfFacialPalsy,varchar,"None, Left"
cb_ObservationsFAST,obfOtherStrokeBalance,bit,"0, 1"
cb_ObservationsFAST,obfOtherStrokeConfusion,bit,"0, 1"
cb_ObservationsFAST,obfOtherStrokeIndicator,bit,"0, 1"
cb_ObservationsFAST,obfOtherStrokeLeg,bit,"0, 1"
cb_ObservationsFAST,obfOtherStrokeVision,bit,"0, 1"
cb_ObservationsFAST,obfPatientUTR,bit,"0, 1"
cb_ObservationsFAST,obfPatientUTRReason,varchar,"PatNotUnderstand, Other"
cb_ObservationsFAST,obfSpeechImpairment,bit,"0, 1"
cb_ObservationsFAST,obfTimeTestCompleted,datetime,"Oct 14 2024 10:40PM, Oct  9 2024  9:00AM"
cb_ObservationsFAST,obfTimeUser,datetime,"Oct 12 2024 10:00PM, Sep 26 2024 10:00PM"
cb_ObservationsFAST,unique_epr_id,varchar,"CB8AD5FA71CED1706707674A306813D6A0FFB99F5E6B1D87D78577B5B51B322D, 0E406A125F22BA701D3A5D975B8A053364AFBA6E5CEF78D321A5E10A78B07271, 304E2F82F4935700CD89720770CB3F7CB0597DAEDC45B4B25EE9339EA9173363"
cb_ObservationsFAST,cb_datasetref,varchar,"YAS-EPR-March2023, YAS-ePR-2019-to-2023-cohort2, YAS-ePR-2024-09-09-to-2024-10-20"
cb_ObservationsUTR,obuObservationUTRMeasure,varchar,"BP, BloodSugar, SP02"
cb_ObservationsUTR,obuObservationUTRType,varchar,"Primary, Subsequent"
cb_ObservationsUTR,obuUTRReason,varchar,"Refused, Other, EquipmentFailure"
cb_ObservationsUTR,unique_epr_id,varchar,"34ED18EC84EE8062EDA9D942BAED235547CCD420893E272B32532E5E159A20E9, 6B0A9E4866341858960A2E856E2BEDCBFF3DFF8EBA7D549958F38209A6C092A5, 94AA67FA6206914CD13918D5CA1CEC3052D97D6B2ECD5BD4A1919D63D0F11A50"
cb_ObservationsUTR,cb_datasetref,varchar,"YAS-ePR-2019-to-2023-cohort2, YAS-EPR-March2023, YAS-ePR-2024-09-09-to-2024-10-20"
cb_PatientOutcome,pocColour,varchar,"Red, Amber"
cb_PatientOutcome,pocDepartment,varchar,"ED, OTHER / UNIVERSAL RECEIPT"
cb_PatientOutcome,pocDestination,varchar,"PINDERFIELDS GENERAL HOSPITAL, HULL ROYAL INFIRMARY"
cb_PatientOutcome,pocEndCode,varchar,"281900007, 50417007, 62"
cb_PatientOutcome,pocHandoverATMIST,bit,"0, 1"
cb_PatientOutcome,pocHandoverECG,bit,"1, 0"
cb_PatientOutcome,pocHandoverPatientInfo,bit,"1, 0"
cb_PatientOutcome,pocHandoverPatientMeds,bit,"1, 0"
cb_PatientOutcome,pocHandoverSBAR,bit,"1, 0"
cb_PatientOutcome,pocHandoverTime,datetime,"Jun 22 2024 12:34AM, Jun 23 2024  7:45PM"
cb_PatientOutcome,pocNonTransportReason,varchar,"Discharged on scene, Referred other service"
cb_PatientOutcome,pocPrealertATMIST,bit,"0, 1"
cb_PatientOutcome,pocPrealertNotRequired,bit,"1, 0"
cb_PatientOutcome,pocPrealertSBAR,bit,"1, 0"
cb_PatientOutcome,pocPrealertTime,datetime,"Jun 22 2024 10:52PM, Jun 23 2024 11:15PM"
cb_PatientOutcome,pocTransported,bit,"1, 0"
cb_PatientOutcome,pocTreatmentConsent,bit,"1, 0"
cb_PatientOutcome,pocType,varchar,"Medical, Trauma"
cb_PatientOutcome,unique_epr_id,varchar,"9B0DECD0B56FEE0E264D951AAB7404018086CAA26E1FED3CE266F9FE14209147, 59F9789229986EB38E7899C5D48B8CAE6D521A8C15C4B13616D0A98D3DE04237, 72E780B009A56D94CD64AD2E4D1EF65D560CD984A727F8A6105948BE8177035A"
cb_PatientOutcome,cb_datasetref,varchar,"YAS-EPR-March2023, YAS-ePR-2019-to-2023-cohort2, YAS-ePR-2024-09-09-to-2024-10-20"
cb_PatientOutcomeNotification,ponNotificationType,varchar,"SocialCare, Safeguarding, NUFalls"
cb_PatientOutcomeNotification,unique_epr_id,varchar,"39854FBAEAED7934503702449EAC4F1C343D83984EABF7DBC821AAEB5EC9165F, DC631D428CE864772716C9CAE14FFA6652627C5AB66A916230BE8132BCF8A159, DD4C1C49920CFEBBD22FD4034347E649EDEA82C84DFA7DC89652B8D0CE870D53"
cb_PatientOutcomeNotification,cb_datasetref,varchar,"YAS-ePR-2019-to-2023-cohort2, YAS-EPR-March2023, YAS-ePR-2024-09-09-to-2024-10-20"
cb_PatientOutcomeReferral,porReferralAccepted,bit,"1, 0"
cb_PatientOutcomeReferral,porReferralType,varchar,"GP, GPOOH, Other"
cb_PatientOutcomeReferral,unique_epr_id,varchar,"72E780B009A56D94CD64AD2E4D1EF65D560CD984A727F8A6105948BE8177035A, 5BF933BCED7A36367F415127211D560592B142B8795D3EC0CD824BBCD349823D, F0A94E26AF0A742E428001A0D56F09B6D2787D3D1A8E5F1124E84D198E6031C5"
cb_PatientOutcomeReferral,cb_datasetref,varchar,"YAS-ePR-2019-to-2023-cohort2, YAS-EPR-March2023, YAS-ePR-2024-01-01-to-2024-02-04"
cb_PatientOutcomeRefusal,preRefusalType,varchar,"Transfer, Examination, Treatment"
cb_PatientOutcomeRefusal,unique_epr_id,varchar,"AFDDD6E5B2E85C9C4B5C4E53F11063163E7C537D4488C569AC2BC93534509D1D, DB94C99009CC39A37178261412EFAF3F1DA798AD93C0A291A76206F5FE2AF7F0, 56FD82038989FD1991C5F32EFB9ED7E8765D91B435DA0FB7B123C14F60E2E8AF"
cb_PatientOutcomeRefusal,cb_datasetref,varchar,"YAS-ePR-2019-to-2023-cohort2, YAS-ePR-2024-09-09-to-2024-10-20, YAS-ePR-2024-01-01-to-2024-02-04"
cb_PCR,inc24hour,bit,"0, 1"
cb_PCR,incarrivedestination,datetime,"Jan  1 1753 12:00AM, Dec 27 2023  2:44PM"
cb_PCR,incclinician1grade,varchar,"paramedic, emergency care assis"
cb_PCR,incclinician2grade,varchar,"paramedic, emergency care assis"
cb_PCR,incclinician3grade,varchar,"emergency care assis, paramedic"
cb_PCR,incdate,datetime,"Dec 30 2023 10:15PM, Mar 30 2024  9:52AM, Apr 14 2024  1:33PM"
cb_PCR,incdcaleftscene,datetime,"Jan  1 1753 12:00AM, Jan  1 1753  5:56PM"
cb_PCR,incdcaonscene,datetime,"Jan  1 1753 12:00AM, Dec 30 2023 10:35PM"
cb_PCR,inclocationtype,varchar,"domestic address, "
cb_PCR,incrrvonscene,datetime,"Jan  1 1753 12:00AM, Dec 30 2023 10:35PM"
cb_PCR,inctimepatside,datetime,"Jan  1 1753 12:00AM, Dec 30 2023 10:49PM"
cb_PCR,pcrage,int,"84, 85, 83"
cb_PCR,pcragetype,varchar,"y, m, w"
cb_PCR,pcrethnicitytext,varchar,"white british, , asian british pakistani"
cb_PCR,pcrgender,varchar,"female, male, unknown"
cb_PCR,pcrgpodscode,varchar,"b83033, b81048"
cb_PCR,cb_datasetref,varchar,"YAS-EPR-March2023, YAS-ePR-2019-to-2023-cohort2, YAS-ePR-2024-01-01-to-2024-02-04"
cb_PCR,unique_epr_id,varchar,"3857358CDDB0CD989C6B6355F520F3E0A35FFED0A6CA5CF17E8110F8C6675008, C60EEA48C95181082F477FE0A1D8AAAA836C4644E34014934BABFDCE51597A4A, 185AF066868D96234F9CE02887E71C861608149F847DAC3931C8D9D38099A6E7"
cb_PCR,incnumber_hash,varchar,"491B217670D557423A65DBF2BC2565FB08081F6A13D1C031070ACAF164FF373A, 955C9D59A032BB7151B52082C659C4EBEF8EBEA30466E73F1F2E363D26F0C7CD, 475007709524D29A9DB4F631136A4AA696892FAC34FA99DBC0CA2FA63F3F6B00"
cb_PrimarySurvey,psyCatHaemCAT,bit,"0, 1"
cb_PrimarySurvey,psyCatHaemCELOX,bit,"0, 1"
cb_PrimarySurvey,psyCatHaemDeceased,bit,"0, 1"
cb_PrimarySurvey,psyCatHaemFluids,bit,"0, 1"
cb_PrimarySurvey,psyCatHaemPosLArm,bit,"0, 1"
cb_PrimarySurvey,psyCatHaemPosLLeg,bit,"0, 1"
cb_PrimarySurvey,psyCatHaemPosOther,bit,1
cb_PrimarySurvey,psyCatHaemPosRArm,bit,"0, 1"
cb_PrimarySurvey,psyCatHaemPosRLeg,bit,"0, 1"
cb_PrimarySurvey,psyCatHaemPressureDressing,bit,"0, 1"
cb_PrimarySurvey,psyCatHaemTXA,bit,"0, 1"
cb_PrimarySurvey,psyResult,varchar,"Clear, RadialPulse, Alert"
cb_PrimarySurvey,psyTime,datetime,"Jun 18 2024  3:15PM, Jun 20 2024  1:15PM, Jun 21 2024  4:00PM"
cb_PrimarySurvey,psyType,varchar,"AVPU, Breathing, Airway"
cb_PrimarySurvey,unique_epr_id,varchar,"8A4DFF624D1B5FDC9A4F54A9C39E5ECE697E11D14BA7F63049256CED3558F4FF, 200839D328421CEBA7913B211DAA04D35F86E3C8EA5C55AC272EB125C3A3511C, C04428A366E1FE57F2360323C227A634F1017F9EC09DC1356F662958689F51A0"
cb_PrimarySurvey,cb_datasetref,varchar,"YAS-EPR-March2023, YAS-ePR-2024-01-01-to-2024-02-04, YAS-ePR-2024-09-09-to-2024-10-20"
observation_period,observation_period_id,bigint,"332105, 725941, 375744"
observation_period,observation_period_start_date,date,"2014-04-18, 2014-04-19, 2014-04-05"
observation_period,observation_period_end_date,date,"2025-03-29, 2025-03-22, 2025-03-24"
observation_period,period_type_concept_id,int,NULL
observation_period,person_id,varchar,"2236A45F873926DCA8B1C07C6488BDDD8664EEE732DCB5E954CFB0E5EBDB3404, 47C4734975EDAC9E8E0465619F4281F1743597099D00474317F279CA1629EA65, FBD0F9C41289AC5CD2497611763E6517D9D74A2E883A22CF4A8B822B7C3927ED"
person,gender_concept_id,int,"8532, 8507, 8551"
person,year_of_birth,int,"2017, 2019"
person,month_of_birth,int,"1, 3"
person,day_of_birth,int,15
person,birth_datetime,datetime2,"2018-01-15 00:00:00.0000000, 2017-01-15 00:00:00.0000000"
person,death_datetime,datetime2,"2020-04-15 00:00:00.0000000, 2022-12-15 00:00:00.0000000"
person,race_concept_id,int,"8552, 46286810, 46285832"
person,ethnicity_concept_id,int,"8552, 46286810, 46285832"
person,location_id,bigint,NULL
person,provider_id,bigint,NULL
person,care_site_id,bigint,NULL
person,gender_source_value,varchar,"F, M, Female"
person,gender_source_concept_id,int,"8532, 8507, 8551"
person,race_source_value,varchar,"Unknown/Refuse to say, White: English or Welsh or Scottish or Northern Ir, Asian or Asian British: Pakistani - England and Wa"
person,race_source_concept_id,int,0
person,ethnicity_source_value,varchar,"Unknown/Refuse to say, White: English or Welsh or Scottish or Northern Irish or British - England and Wales ethnic category 2011 census, Asian or Asian British: Pakistani - England and Wales ethnic category 2011 census"
person,ethnicity_source_concept_id,int,0
tbl_YAS_999,TimeStampT1,varchar,", nan"
tbl_YAS_999,TimeStampT3,varchar,", nan"
tbl_YAS_999,Time_On_MDT,varchar,", nan"
tbl_YAS_999,Time_Allocated,varchar,", nan"
tbl_YAS_999,Time_Mobile,varchar,"  , nan"
tbl_YAS_999,Time_Arrived_Scene,varchar," , nan"
tbl_YAS_999,Time_Left_Scene,varchar,", nan"
tbl_YAS_999,Time_Arrived_Destination,varchar,", nan"
tbl_YAS_999,Time_Destination_Handover,varchar,", nan"
tbl_YAS_999,Time_Clear,varchar,", nan"
tbl_YAS_999,Hospital_Attended,varchar,", nan"
person,person_id,varchar,"30D9E9F9C75AB07235CD9C8A1FE7B115B348509497DB8151F576DF708E9D69E8, 321669E6575EC992AF89D8986AE3CFDEC50153399F1FF0D0635C05652B61B3C1, C56CDC8FBF2089C5115883A5871F2E0822C9F8584C0CEF50259E19280205F5FD"
personLSOA,LSOA,varchar,"E12000003, "
personLSOA,ward,varchar,"E05001358, E05001347"
personLSOA,person_id,varchar,"59C7A213BCF239ACF3CA8431B73EC2C0C7B717171135C95C2209BF8ACD14F230, DBFE042DBBD51C06A77A8FA5BEF4928F3A4294B0B0CD15212C416AC634DCC875, A7118C773E255B7B927C6B127E797A6C7141D44EC97B244093C0C5E807BCF612"
tbl_YAS_111,tbl_YAS_111_start_date,datetime,"Jul 27 2019 12:00AM, Mar 26 2016  9:01AM, Jul 27 2019 12:00PM"
tbl_YAS_111,tbl_YAS_111_end_date,datetime,"Jul 27 2019 12:00AM, Jul 27 2019 12:00PM, Mar 26 2016  9:01AM"
tbl_YAS_111,CaseRef,varchar,"E90043332D77402BFAEE57DC4FB8CC91A2E809FA810D0239260A2701F4B9F0EB, F9DEE2C7E98A53CEB63B18AECE8C69B03885908D401EE9AE6A6176AE9BDD03B1, 2D70A8E1CFE2CF083F36B56AFCE20999B37CB2C5F2ECD5573AC081BB5927F6C9"
tbl_YAS_111,caseno,varchar,"93A57455D5829548380A722220880A140F51070127C40D98E24767EF6E21CE20, 30417B1B072AF87189CA745336485E3C090F846728A9565B6B23143B775BA99A, 095F21AE97DD2B6B65418B3E75510B3CC3152C6457B4E38F336E290AA25CA0A2"
tbl_YAS_111,CCGName,varchar,"NHS Sheffield CCG, NHS Bradford Districts CCG, NHS Wakefield CCG "
tbl_YAS_111,Sex,varchar,"F, M, U"
tbl_YAS_111,Age,varchar,"0, 1, 2"
tbl_YAS_111,Reg_Practice,varchar,", B82005, B83055"
tbl_YAS_111,Reg_Practice_Name,varchar,"Victoria Way (Priory Medical Group), , Campus(StJohns)*{York MG}*"
tbl_YAS_111,Call_Commenced_Date_Time,varchar,"20190727 00:00:00, 20160326 09:01:00, 20190727 12:00:00"
tbl_YAS_111,Party,varchar,"TRUE, FALSE"
tbl_YAS_111,Skill_Set,varchar,"5, 6, "
tbl_YAS_111,FinalDxCode,varchar,"Dx05, Dx06, Dx108"
tbl_YAS_111,WarmTransferred,varchar,"0, 1"
tbl_YAS_111,CallBackRequired,varchar,"0, 1"
tbl_YAS_111,CallBackMade,varchar,", 1, 0"
tbl_YAS_111,Call_Back_Start_Date_Time,varchar,", 54:46.0, 14:33.0"
tbl_YAS_111,Call_Back_End_Date_Time,varchar,", 24:15.0, 28:19.0"
tbl_YAS_111,Service_Description,varchar,", Dental Emergency - West Yorkshire (Unplanned Booking Service), GP OOH Service - Leeds West Yorkshire (Lexicon House) WYUC (HOME OOH PROVIDER)"
tbl_YAS_111,Service_Rejected,varchar,", Walk in Centre - Leeds West Yorkshire (Shakespeare Medical Practice), York Street Health Practice"
tbl_YAS_111,Service_Rejected_Reason,varchar,", Other Service Accepted, Patient Contacting Own GP"
tbl_YAS_111,Call_Back_Attempted,varchar,", 37:00.0, 31:00.0"
tbl_YAS_111,FinalSymptomGroup,varchar,", 1169, 1039"
tbl_YAS_111,FinalSymptomDiscriminator,varchar,"4003, , 4047"
tbl_YAS_111,LoadedToGCP,datetime,Jul  1 2022  3:12PM
tbl_YAS_111,cb_datasetref,varchar,"OpenPseudonymised_03_2020- PTS, OpenPseudonymised_12_2018- PTS, OpenPseudonymised_12_2017- PTS"
tbl_YAS_111,cb_date_added,datetime2,00:00.0
tbl_YAS_111,person_id,varchar,"240DAE569644AA4FB9ADACA56B47D83B4C1005A50E2BB962BF14D84990F6AA96, 0B8AAAE90B072549638531255C359F7CC1461E41DBFA9DDAB9867BCE1261F59F, AFA338CCE90A1B93D6005ED50D33FBD8899A00C2029340DEBBCFDF59041D906B"
tbl_YAS_999,tbl_YAS_999_start_date,varchar,"2022-05-27 19:26:58, 2025-01-18 19:28:00.000, 2024-11-18 14:44:00"
tbl_YAS_999,tbl_YAS_999_end_date,varchar,"2022-05-27 19:26:58, 2025-01-18 19:28:00.000, 2024-11-18 14:44:00"
tbl_YAS_999,CCG,varchar,"NHS Leeds CCG, NHS Bradford District and Craven CCG, NHS Sheffield CCG"
tbl_YAS_999,GeoZonePostCode,varchar,"S5, WF1, DN4"
tbl_YAS_999,Call_Category_Description,varchar,"Emergency, Routine"
tbl_YAS_999,Date_Time_forPerf,varchar,"27/05/2022 19:26:58, 18/01/2025 19:28"
tbl_YAS_999,TimeStampT0,varchar,", nan"
tbl_YAS_999,TimeStampT2,varchar,", nan"
tbl_YAS_999,Time_Call_Commenced,varchar,"10:52:30, 11:48:09, 10:37:13"
tbl_YAS_999,Call_Number,varchar,"86C14CB40A655A92E8AB9D4AB0B4DBB342F6C798266B5BE8A1B01C2A45636CCE, 16ABF5725C2567D622FE8C5A305F5B65302F1BBA2D3B194AD96219E45D532BC3, AAE72E4E99E821311BE5FE3F33062606A7E49A0D06BCAB3F978002A677176A12"
tbl_YAS_999,Callsign,varchar,"8E871BB7CAACAD5891DD4EFF7AD6560E5E66F9079436402AF87B2298CA9CEE24, 078C3C4D70A4FE8B2A7CF5125FF015A944793FAB848B66847F338FAE9E47833E, E3BBBE1B559691223D7FA2967EEB633FC92D81FD0B27361443FF19D2CE45D461"
tbl_YAS_999,HomeDPOnAlloc,varchar,"Wakefield Amb Station WF1 4NJ, nan"
tbl_YAS_999,GovtStdTOC,varchar,"Cat2, Cat3, Cat1"
tbl_YAS_999,Despatch_Code,varchar,"CDC2U, DX0112, CDRC3"
tbl_YAS_999,ResourceType,varchar,"Emergency Ambulance, Daily Log"
tbl_YAS_999,Current_Dp_On_Allocation,varchar,"YAS HQ WF2 0XQ, Wakefield Amb Station WF1 4NJ, "
tbl_YAS_999,Time_AVL_Move,varchar," , nan"
tbl_YAS_999,TimeStampT4,varchar," , nan"
tbl_YAS_999,age_years,varchar,"84Y, 85Y, 83Y"
tbl_YAS_999,call_nature_description,varchar,"111, Breathing Problems, Falls/Back Injuries - Traumatic"
tbl_YAS_999,gender_description,varchar,"Female, Male, "
tbl_YAS_999,PerfBestResp,varchar,", nan"
tbl_YAS_999,PerfBestConvResp,varchar,", nan"
tbl_YAS_999,Perf_Best_Late_PatSide,varchar,00:00:00
tbl_YAS_999,Method_Of_Call_Description,varchar,"999 Call, 111 Inbound, HCP Call"
tbl_YAS_999,Authorising_Doctor,varchar,", nan"
tbl_YAS_999,Authorising_Practice,varchar,", nan"
tbl_YAS_999,Journey_Type_Description,varchar,"Emergency Admission, Routine Discharge, "
tbl_YAS_999,Patient_This_Resource,varchar,"1, 0, 1.0"
tbl_YAS_999,DespatchCode2,varchar,"NULL, "
tbl_YAS_999,Patient_Mobility_Description,varchar," , nan"
tbl_YAS_999,PatientsThisResource2,varchar,"NULL, 1"
tbl_YAS_999,Priority,varchar,"5, 6, 1"
tbl_YAS_999,resource_type_description,varchar,"NULL, Emergency Ambulance, Daily Log"
tbl_YAS_999,PosnOf_Resource_OnCall,varchar,"1, 2, 1.0"
tbl_YAS_999,HCP_Emergency,varchar,"0, 1, NULL"
tbl_YAS_999,HCP_Response_Minutes,varchar,", nan"
tbl_YAS_999,Clinic_Attended,varchar,", Accident and Emergency"
tbl_YAS_999,Pickup_Location_Type,varchar,", nan"
tbl_YAS_999,LoadedToGCP,varchar,"2022-07-01 15:13:00.700, NULL"
tbl_YAS_999,cb_datasetref,varchar,"YAS-EPR-2019-04-01_2023-03-31, OpenPseudonymised_December 2024 - 999, OpenPseudonymised_December 2023 - 999"
tbl_YAS_999,cb_date_added,datetime2,"2024-05-28 00:00:00.0000000, 2025-06-09 13:03:19.0000000, 2024-12-02 11:31:46.0000000"
tbl_YAS_999,person_id,varchar,"74B1762DED3BAFEF485B67DC68B02676EA58425784E952285DB813F2428EF510, 22F792D21E5BA9E40EBB3A8A2E40669C0BB6B7A1F9C2E03A8A1FA910B04B9C8B, 4292A62532FA9598A1F509A72B5948BB73DE8ECB6EF61A879802F86D291D44CF"
tbl_YAS_CAD,tbl_YAS_CAD_start_date,datetime,"Feb 18 2021  7:16PM, May 16 2022  7:37PM, May 12 2022  2:12AM"
tbl_YAS_CAD,tbl_YAS_CAD_end_date,datetime,"Feb 18 2021  7:16PM, May 16 2022  7:37PM, May 12 2022  2:12AM"
tbl_YAS_CAD,CallNumber,varchar,"955C9D59A032BB7151B52082C659C4EBEF8EBEA30466E73F1F2E363D26F0C7CD, D3D88EABE5C11F4F838C9E61BAD22598B1F78952A5B953BFB18585F038704C66"
tbl_YAS_CAD,CCG,varchar,"NHS Leeds CCG, NHS Bradford District and Craven CCG, NHS Sheffield CCG"
tbl_YAS_CAD,TypeOfCall,varchar,"Emergency, Routine"
tbl_YAS_CAD,Date_Time_forPerf,varchar,"2021-02-18T19:16:39Z, 2022-05-16T19:37:49Z, 2022-05-01T23:11:16Z"
tbl_YAS_CAD,TimeStampT0,varchar,"NA, 2021-02-18T18:37:53Z, 2022-05-16T19:33:13Z"
tbl_YAS_CAD,TimeStampT1,varchar,"2021-02-18T18:37:53Z, 2022-05-16T19:33:13Z, 2022-05-01T23:11:16Z"
tbl_YAS_CAD,TimeStampT2,varchar,"NA, 2021-02-18T18:40:10Z, 2022-05-16T19:34:13Z"
tbl_YAS_CAD,TimeStampT3,varchar,"NA, 2021-02-18T18:39:37Z, 2022-05-16T19:34:27Z"
tbl_YAS_CAD,TimeStampT4,varchar,"NA, 2021-02-18T18:41:01Z, 2022-05-16T19:33:32Z"
tbl_YAS_CAD,MainPatientAge,varchar,"UnknownY, NA, 80Y"
tbl_YAS_CAD,ChiefComplaint,varchar,"Falls/Back Injuries - Traumatic, Breathing Problems, Unconscious/Passing Out"
tbl_YAS_CAD,MainPatientSex,varchar,"Female, Male, Unknown"
tbl_YAS_CAD,PerfBestResp,varchar,"00:07:19, 00:07:50, 00:07:37"
tbl_YAS_CAD,PerfBestLatePatSide,varchar,"00:00:00, NA, 00:00:45"
tbl_YAS_CAD,MethodOfCall,varchar,"999 Call, Police, 111 Inbound"
tbl_YAS_CAD,AuthorisingDoctor,varchar,"NA, LEEDS   LCD , KIRKLEES   LCD "
tbl_YAS_CAD,AuthorisingPractice,varchar,"NA, GPOOH007, GPOOH008"
tbl_YAS_CAD,JourneyType,varchar,"Emergency Admission, Routine Discharge, Routine Transfer"
tbl_YAS_CAD,DespatchCode,varchar,"31D04, 09E01, Dx012"
tbl_YAS_CAD,MainPatientMobility,varchar,"NA, Stretcher, Chair"
tbl_YAS_CAD,Priority,varchar,"5, 1, 6"
tbl_YAS_CAD,HCPEmergency,varchar,"FALSE, TRUE, NA"
tbl_YAS_CAD,HCPResponseMinutes,varchar,"NA, 18, 60"
tbl_YAS_CAD,PickupLocationType,varchar,"NA, CARE HOME, Prisons"
tbl_YAS_CAD,PerfBestConvResp,varchar,"NA, 00:06:49, 00:05:15"
tbl_YAS_CAD,TimeOnMDT,varchar,"NA, 2021-02-18T19:55:23Z, 2022-04-29T20:27:41Z"
tbl_YAS_CAD,TimeAllocated,varchar,"NA, 2021-02-18T19:06:56Z, 2021-02-18T19:55:18Z"
tbl_YAS_CAD,TimeMobile,varchar,"NA, 2021-02-18T19:56:06Z, 2022-05-10T11:55:00Z"
tbl_YAS_CAD,TimeAtScene,varchar,"NA, 2021-02-18T20:04:48Z, 2022-05-08T12:18:00Z"
tbl_YAS_CAD,TimeLeftScene,varchar,"NA, 2022-05-05T15:20:44Z, 2022-05-08T13:32:02Z"
tbl_YAS_CAD,TimeAtDest,varchar,"NA, 2022-05-01T23:38:54Z, 2022-04-25T16:06:51Z"
tbl_YAS_CAD,TimeHandover,varchar,"NA, 2022-05-20T00:15:00Z, 2022-05-12T04:00:00Z"
tbl_YAS_CAD,TimeClear,varchar,"NA, 2021-02-18T19:20:00Z, 2021-02-18T20:26:36Z"
tbl_YAS_CAD,HospitalAttended,varchar,"NA, BRADFORD ROYAL INFIRMARY, HULL ROYAL INFIRMARY"
tbl_YAS_CAD,Callsign,varchar,"BA3B0BBDA0F9246007774AAB860F07B5373C4C6EBE58F6CD056DA3AEB8F0D551, 15720CD0B7D073A9C66CB7569BB36649B492A6475E4E5AF48303DC4FB4E9D589, 894E5399CFCEED90B43B6CDA37DC662811387BB3C4AB3FD7CB5F74852C523C2B"
tbl_YAS_CAD,HomeDPOnAlloc,varchar,"Leeds Amb Station LS9 8HE, Bradford Amb Station BD7 2AY, Wakefield Amb Station WF1 4NJ"
tbl_YAS_CAD,CurrentDPOnAlloc,varchar,"Bradford Amb Station BD7 2AY, Leeds Amb Station LS9 8HE, Wakefield Amb Station WF1 4NJ"
tbl_YAS_CAD,TimeAVLMove,varchar,"NA, 2021-02-18T19:55:22Z, 2022-05-10T13:43:15Z"
tbl_YAS_CAD,PatientsThisResource,varchar,"1, 0, 2"
tbl_YAS_CAD,ResourceType,varchar,"Emergency Ambulance, Rapid Response, Daily Log"
tbl_YAS_CAD,PosnOfResourceOnCall,varchar,"1, 2, 3"
tbl_YAS_CAD,ClinicAttended,varchar,"NA, Accident and Emergency, Accident &amp; Emergency"
tbl_YAS_CAD,LoadedToGCP,datetime,Jul  1 2022  3:13PM
tbl_YAS_CAD,cb_datasetref,varchar,"OpenPseudonymised_05_2022- CAD, OpenPseudonymised_04_2022- CAD, OpenPseudonymised_08_2021- CAD"
tbl_YAS_CAD,cb_date_added,datetime2,00:00.0
tbl_YAS_CAD,person_id,varchar,"19945A7DDF8516FF18F83E0AD0FAC25B037D0676A2675B86CE403FB329B280BF, 30A7512AD06D527A01124CDA7EA8250BB522225AFA3902CA2D8CB19BD6DC7803, 32FB7077881CD9D223F2D47FA5636FB24790C1881DE9399ECC508F4EEC6D339E"
tbl_YAS_EPR,tbl_YAS_EPR_start_date,datetime,"Feb 11 2020 12:33PM, Mar 19 2020  1:36PM, May  3 2021  2:01PM"
tbl_YAS_EPR,tbl_YAS_EPR_end_date,datetime,"Feb 11 2020 12:33PM, Mar 19 2020  1:36PM, May  3 2021  2:01PM"
tbl_YAS_EPR,apgarscore,varchar,"NA, 10, 9"
tbl_YAS_EPR,bbaappearance,varchar,", NA, Completely pink"
tbl_YAS_EPR,bbagrimace,varchar,", NA, Prompt response to stimulation"
tbl_YAS_EPR,bbameconiumpresent,varchar,"NA, FALSE, TRUE"
tbl_YAS_EPR,bbamidwifepresent,varchar,"NA, TRUE, FALSE"
tbl_YAS_EPR,bbaplacentadelivered,varchar,"NA, FALSE, TRUE"
tbl_YAS_EPR,bbapulse,varchar,", NA, &gt; 100 BPM"
tbl_YAS_EPR,bbarespiration,varchar,", NA, Vigorous cry"
tbl_YAS_EPR,bbatimeofbirth,varchar,"NA, 1753-01-01T00:00:00Z, 2022-05-16T17:52:00Z"
tbl_YAS_EPR,bbatype,varchar,"NA, Before crew, Crew present"
tbl_YAS_EPR,commsneeds,varchar,"FALSE, NA, TRUE"
tbl_YAS_EPR,dnacpr,varchar,"FALSE, NA, TRUE"
tbl_YAS_EPR,dob,varchar,"1960-10, 1948-02, 1965-07"
tbl_YAS_EPR,dols,varchar,"FALSE, NA, TRUE"
tbl_YAS_EPR,historyofdementia,varchar,"FALSE, TRUE, NA"
tbl_YAS_EPR,icnaseptic,varchar,"NA, TRUE, FALSE"
tbl_YAS_EPR,icnflushed,varchar,"NA, TRUE, FALSE"
tbl_YAS_EPR,icnsize,varchar,"NA, 20, 18"
tbl_YAS_EPR,icnsuccess,varchar,"NA, TRUE, FALSE"
tbl_YAS_EPR,icntype,varchar,"NA, IV, IO"
tbl_YAS_EPR,icnunablereason,varchar,"NA, EquipFail, Other"
tbl_YAS_EPR,icpcatheterfirsttime,varchar,"NA, FALSE, TRUE"
tbl_YAS_EPR,icpcatheterfirsttimesize,varchar,"NA, , 0"
tbl_YAS_EPR,icpcatheterreplace,varchar,"NA, FALSE, TRUE"
tbl_YAS_EPR,icpcatheterreplacesize,varchar,"NA, , 14"
tbl_YAS_EPR,icpcathetertype,varchar,"NA, UrinaryCatheterisation, BladderIrrigation"
tbl_YAS_EPR,icppregnancytest,varchar,"NA, FALSE, TRUE"
tbl_YAS_EPR,icpwoundclosureadvicegiven,varchar,"NA, TRUE, FALSE"
tbl_YAS_EPR,icpwoundclosuresteristrips,varchar,"NA, FALSE, TRUE"
tbl_YAS_EPR,icpwoundclosuresteristripsnumused,varchar,"NA, 3, 2"
tbl_YAS_EPR,icpwoundclosuresuture,varchar,"NA, FALSE, TRUE"
tbl_YAS_EPR,icpwoundclosuresuturenumused,varchar,"NA, 3, 4"
tbl_YAS_EPR,icpwoundclosuresuturesize,varchar,"NA, 4, 3"
tbl_YAS_EPR,icpwoundclosurewoundglue,varchar,"NA, TRUE, FALSE"
tbl_YAS_EPR,icpwounddressingadvicegiven,varchar,"NA, TRUE, FALSE"
tbl_YAS_EPR,idadosage,varchar,"NA , 1, 5"
tbl_YAS_EPR,idadosageunit,varchar,"NA, Milligrams, Grams"
tbl_YAS_EPR,idadrugname,varchar,"NA, Oxygen, Morphine Sulphate"
tbl_YAS_EPR,idaendtime,varchar,"NA, 2020-02-08T12:16:00Z, 2019-08-22T08:58:00Z"
tbl_YAS_EPR,idaexpirydate,varchar,"NA, 2024-02-01, 2022-06-01"
tbl_YAS_EPR,idaroute,varchar,"NA, Intravenous, Inhaled"
tbl_YAS_EPR,idastarttime,varchar,"NA, 2020-02-11T13:09:00Z, 2020-02-11T12:45:00Z"
tbl_YAS_EPR,iexdeclinedreason,varchar,"NA, PatientRefusal, Other"
tbl_YAS_EPR,iexpostdistalpulse,varchar,"NA, TRUE, FALSE"
tbl_YAS_EPR,iexpostdistalsensation,varchar,"NA, TRUE, FALSE"
tbl_YAS_EPR,iexpostlimbperfused,varchar,"NA, TRUE, FALSE"
tbl_YAS_EPR,iexpredistalpulse,varchar,"NA, TRUE, FALSE"
tbl_YAS_EPR,iexpredistalsensation,varchar,"NA, TRUE, FALSE"
tbl_YAS_EPR,iexprelimbperfused,varchar,"NA, TRUE, FALSE"
tbl_YAS_EPR,iextime,varchar,"NA, 2020-02-11T14:12:00Z, 2022-03-18T18:55:00Z"
tbl_YAS_EPR,iextype,varchar,"NA, Scoop, Other"
tbl_YAS_EPR,inc24hour,varchar,"FALSE, TRUE"
tbl_YAS_EPR,incclinician1callsign,varchar,"B182D581E8FD0A61ED9C2374574855A85C9B7F5952FBAB0CBD4C84E592F3DB32, 9498E4E7CF1BAB4AD1EEDB126B52FBFEC401EFBBCF4C64715FA1E8BD98AF483D, 1BB6E375F363A5557F5B4B0993202CD5952717255AF2DC6D37CC4570D8F2C44B"
tbl_YAS_EPR,incclinician1grade,varchar,"Paramedic, Fully Bariatric Trai, NQ Paramedic"
tbl_YAS_EPR,incclinician2callsign,varchar,"8E871BB7CAACAD5891DD4EFF7AD6560E5E66F9079436402AF87B2298CA9CEE24, B182D581E8FD0A61ED9C2374574855A85C9B7F5952FBAB0CBD4C84E592F3DB32, 9498E4E7CF1BAB4AD1EEDB126B52FBFEC401EFBBCF4C64715FA1E8BD98AF483D"
tbl_YAS_EPR,incclinician2grade,varchar,"Fully Bariatric Trai, Paramedic, Respiratory Protecti"
tbl_YAS_EPR,incclinician3grade,varchar,", Student Paramedic, Paramedic"
tbl_YAS_EPR,incdate,varchar,"2020-02-11T12:33:00Z, 2020-03-19T13:36:00Z, 2021-05-03T14:01:00Z"
tbl_YAS_EPR,incdcaleftscene,varchar,"1753-01-01T00:00:00Z, 1753-01-01T14:39:00Z, 1753-01-01T14:44:00Z"
tbl_YAS_EPR,incdcaonscene,varchar,"1753-01-01T00:00:00Z, 2020-02-11T12:37:21Z, 2020-03-19T13:48:30Z"
tbl_YAS_EPR,incclinician3callsign,varchar,"8E871BB7CAACAD5891DD4EFF7AD6560E5E66F9079436402AF87B2298CA9CEE24, 0B4D0536C70F43FD0600153C034EFBFFC1BCBDFAB99046B3EAC770DDC039F498, 9ED33956027BAFDD4B622009C031664AE06139C271A5453C55C12A1F098D3384"
tbl_YAS_EPR,incident_number,varchar,"1E0067B3C5613E3C1FA43053457E5A1A31BCDEEBB7B0B51A4F0E39073B442FAD, 9C689047CA58FDD4D36BBFD7E6237E6656AB1EC1A2053E264647B4EF04FF0ACB, 44E81E13000D13A1DE030804AFFDC6E951BE16C92CE9BE67E9F43A40620BBC17"
tbl_YAS_EPR,inclocationtype,varchar,"Domestic Address, , Care Home"
tbl_YAS_EPR,incpostcodedistrict,varchar,"HU9, S5, DN14"
tbl_YAS_EPR,incrrvonscene,varchar,"1753-01-01T00:00:00Z, 2020-02-11T12:37:21Z, 2020-03-19T13:48:30Z"
tbl_YAS_EPR,initialpresentation,varchar,", Falls, Shortness of Breath"
tbl_YAS_EPR,initialpresentationid,varchar,"0, 34, 28"
tbl_YAS_EPR,ipatype,varchar,"NA, Other, BereavementAdvice"
tbl_YAS_EPR,ipaverbal,varchar,"NA, TRUE, FALSE"
tbl_YAS_EPR,ipawritten,varchar,"NA, FALSE, TRUE"
tbl_YAS_EPR,ircarresttime,varchar,"NA, 1753-01-01T00:00:00Z, 2020-02-11T13:08:00Z"
tbl_YAS_EPR,irccardiac,varchar,"NA, TRUE, FALSE"
tbl_YAS_EPR,irccpad,varchar,"NA, FALSE, TRUE"
tbl_YAS_EPR,irccprtime,varchar,"NA, 13:08:00, 14:05:00"
tbl_YAS_EPR,irccprtimeyas,varchar,"NA, 14:06:00, 17:15:00"
tbl_YAS_EPR,ircfurtherarrestrhythm,varchar,"NA, PEA, Asystole"
tbl_YAS_EPR,ircinitialarrestrhythm,varchar,"NA, Asystole, PEA"
tbl_YAS_EPR,ircmechcpr,varchar,"NA, FALSE, TRUE"
tbl_YAS_EPR,ircresusattempts,varchar,"NA, Bystander, HCP"
tbl_YAS_EPR,ircroscrhythmtype,varchar,"NA, Bradycardic, Tachycardic"
tbl_YAS_EPR,ircrosctime,varchar,"NA, 1753-01-01T00:00:00Z, 2020-03-19T14:14:00Z"
tbl_YAS_EPR,ircshockcount,varchar,"NA, 1, 3"
tbl_YAS_EPR,ircsuspendresus,varchar,"NA, FALSE, TRUE"
tbl_YAS_EPR,ircsuspendresustime,varchar,"NA, 1753-01-01T00:00:00Z, 2022-01-16T18:51:00Z"
tbl_YAS_EPR,ivasize,varchar,"NA, 4, 6"
tbl_YAS_EPR,ivasuccess,varchar,"NA, TRUE, FALSE"
tbl_YAS_EPR,ivatype,varchar,"NA, IGel, Suction"
tbl_YAS_EPR,mobitemused,varchar,"Stretcher, NA, SelfMobile"
tbl_YAS_EPR,mobtype,varchar,"MobilityToAmbulance, MobilityAmbToDestination, NA"
tbl_YAS_EPR,newsscore,varchar,"NA, 0, 1"
tbl_YAS_EPR,obeabnormalitytype,varchar,"NA, STEMI, LBBB"
tbl_YAS_EPR,obecontmonitored,varchar,"NA, TRUE, FALSE"
tbl_YAS_EPR,obelead,varchar,"NA, 12Lead, 3Lead"
tbl_YAS_EPR,obetimeuser,varchar,"NA, 2022-03-18T19:00:00Z, 2020-10-22T20:45:00Z"
tbl_YAS_EPR,obetype,varchar,"Primary, NA, Subsequent"
tbl_YAS_EPR,obeutrreason,varchar,"NA, PatientRefused, Other"
tbl_YAS_EPR,obfarmweakness,varchar,"NA, None, Left"
tbl_YAS_EPR,obffacialpalsy,varchar,"NA, None, Left"
tbl_YAS_EPR,obfotherstrokebalance,varchar,"NA, FALSE, TRUE"
tbl_YAS_EPR,obfotherstrokeconfusion,varchar,"NA, FALSE, TRUE"
tbl_YAS_EPR,obfotherstrokeindicator,varchar,"NA, FALSE, TRUE"
tbl_YAS_EPR,obfotherstrokeleg,varchar,"NA, FALSE, TRUE"
tbl_YAS_EPR,obfotherstrokevision,varchar,"NA, FALSE, TRUE"
tbl_YAS_EPR,obfpatientutr,varchar,"NA, FALSE, TRUE"
tbl_YAS_EPR,obfpatientutrreason,varchar,"NA, Unconscious, PatNotUnderstand"
tbl_YAS_EPR,obfspeechimpairment,varchar,"NA, FALSE, TRUE"
tbl_YAS_EPR,obftimetestcompleted,varchar,"NA, 2020-02-11T12:45:00Z, 2021-08-04T22:34:00Z"
tbl_YAS_EPR,obftimeuser,varchar,"NA, 2021-08-04T22:17:00Z, 2021-05-14T16:02:00Z"
tbl_YAS_EPR,obsavpu,varchar,"Alert, Unresponsive, Confusion"
tbl_YAS_EPR,obsbloodsugar,varchar,"NA, 5.6, 5.2"
tbl_YAS_EPR,obsbloodsugarindicator,varchar,"NA, HIGH, LOW"
tbl_YAS_EPR,obsbpdiastolic,varchar,"NA, 80, 78"
tbl_YAS_EPR,obsbpmeasuredpos,varchar,"Lying / Sitting, NA, STANDING"
tbl_YAS_EPR,obsbpsystolic,varchar,"NA, 130, 140"
tbl_YAS_EPR,obscapillaryrefilseconds,varchar,"NA, 2, 3"
tbl_YAS_EPR,obscapillaryrefiltype,varchar,"NA, Peripheral, Central"
tbl_YAS_EPR,obsecgmonitored,varchar,"TRUE, FALSE, NA"
tbl_YAS_EPR,obsetco2,varchar,"NA, 6.7, 6.3"
tbl_YAS_EPR,obsgcse,varchar,"4, 1, NA"
tbl_YAS_EPR,obsgcsm,varchar,"6, 1, NA"
tbl_YAS_EPR,obsgcsscore,varchar,"15, 3, 14"
tbl_YAS_EPR,obsgcsv,varchar,"5, 1, 4"
tbl_YAS_EPR,obsmcassessmenttime,varchar,"NA, 2020-02-11T12:39:00Z, 1753-01-01T00:00:00Z"
tbl_YAS_EPR,obsmentalcapindoubtstatus,varchar,"NA, TRUE, FALSE"
tbl_YAS_EPR,obsobservationtype,varchar,"Subsequent, Primary, MentalCapacity"
tbl_YAS_EPR,obspeakflow,varchar,"NA, 0, 200"
tbl_YAS_EPR,obspulsemanual,varchar,"NA, 0, 80"
tbl_YAS_EPR,obspupilreactionleftsize,varchar,"NA, 3, 2"
tbl_YAS_EPR,obspupilreactionleftstatus,varchar,"NA, NORMAL, YES"
tbl_YAS_EPR,obspupilreactionleftutrreason,varchar,"NA, Refused, Closed"
tbl_YAS_EPR,obspupilreactionrightsize,varchar,"NA, 3, 2"
tbl_YAS_EPR,obspupilreactionrightstatus,varchar,"NA, NORMAL, YES"
tbl_YAS_EPR,obspupilreactionrightutrreason,varchar,"NA, Refused, Closed"
tbl_YAS_EPR,obsresprate,varchar,"18, 16, 20"
tbl_YAS_EPR,obssp02air,varchar,"98, 97, 96"
tbl_YAS_EPR,obssupplimentaloxy,varchar,"False, True, NA"
tbl_YAS_EPR,obstempdeg,varchar,"NA, 37, 36.6"
tbl_YAS_EPR,obstimecompletedsystem,varchar,"NA, 2020-02-11T14:03:06Z, 2020-02-11T14:04:40Z"
tbl_YAS_EPR,obstimecompleteduser,varchar,"NA, 2020-02-11T12:42:00Z, 2020-02-11T13:08:00Z"
tbl_YAS_EPR,obuobservationutrmeasure,varchar,"NA, BP, SP02"
tbl_YAS_EPR,obuobservationutrtype,varchar,"NA, Primary, Subsequent"
tbl_YAS_EPR,obuutrreason,varchar,"NA, Other, Unconscious"
tbl_YAS_EPR,pcrage,varchar,"83, 84, 74"
tbl_YAS_EPR,pcragetype,varchar,"Y, M, NA"
tbl_YAS_EPR,pcrethnicitytext,varchar,"White British, , Asian British Pakistani"
tbl_YAS_EPR,pcrgender,varchar,"Female, Male, NA"
tbl_YAS_EPR,pcrgpodscode,varchar,"NA, B87005, B81048"
tbl_YAS_EPR,pcriscancelled,varchar,"FALSE, Female, Male"
tbl_YAS_EPR,pcrisfinalised,varchar,"TRUE, B85019, NA"
tbl_YAS_EPR,pocdepartment,varchar,"ED, NA, ED Resus"
tbl_YAS_EPR,pocdestination,varchar,"NA, HULL ROYAL INFIRMARY, NORTHERN GENERAL HOSPITAL"
tbl_YAS_EPR,pocendcode,varchar,"64, 11, 34"
tbl_YAS_EPR,pochandoverecg,varchar,"NA, TRUE, FALSE"
tbl_YAS_EPR,pochandoverpatientinfo,varchar,"NA, TRUE, FALSE"
tbl_YAS_EPR,pochandoverpatientmeds,varchar,"NA, TRUE, FALSE"
tbl_YAS_EPR,pochandovertime,varchar,"NA, 2020-02-11T13:38:43Z, 2020-03-19T16:36:57Z"
tbl_YAS_EPR,pocprealertatmist,varchar,"NA, FALSE, TRUE"
tbl_YAS_EPR,pocprealertsbar,varchar,"NA, TRUE, FALSE"
tbl_YAS_EPR,pocprealerttime,varchar,"NA, 2020-02-11T13:15:23Z, 2020-03-19T14:31:59Z"
tbl_YAS_EPR,poctransported,varchar,"TRUE, FALSE, NA"
tbl_YAS_EPR,poctreatmentconsent,varchar,"TRUE, FALSE, NA"
tbl_YAS_EPR,poctype,varchar,"NA, Medical, TRUE"
tbl_YAS_EPR,ponnotificationtype,varchar,"NA, Coroner/PoliceForDOD, SocialCare"
tbl_YAS_EPR,porreferraltype,varchar,"NA, GP, GPOOH"
tbl_YAS_EPR,prerefusaltype,varchar,"NA, Transfer, Examination"
tbl_YAS_EPR,proconditionuneqdeath,varchar,"NA, GP, GPOOH"
tbl_YAS_EPR,prodnacpr,varchar,"NA, Transfer, Treatment"
tbl_YAS_EPR,proformcompleted,varchar,NA
tbl_YAS_EPR,profutility,varchar,NA
tbl_YAS_EPR,pronocpr,varchar,NA
tbl_YAS_EPR,protime,varchar,NA
tbl_YAS_EPR,psycathaemcat,varchar,"NA, FALSE, TRUE"
tbl_YAS_EPR,psycathaemcelox,varchar,"NA, FALSE, TRUE"
tbl_YAS_EPR,psycathaemdeceased,varchar,"NA, FALSE, TRUE"
tbl_YAS_EPR,psycathaemfluids,varchar,"NA, FALSE, TRUE"
tbl_YAS_EPR,psycathaemposlarm,varchar,"NA, FALSE, TRUE"
tbl_YAS_EPR,psycathaemposlleg,varchar,"NA, FALSE, TRUE"
tbl_YAS_EPR,psycathaemposother,varchar,"NA, FALSE, TRUE"
tbl_YAS_EPR,psycathaemposrarm,varchar,"NA, FALSE, TRUE"
tbl_YAS_EPR,psycathaemposrleg,varchar,"NA, FALSE, TRUE"
tbl_YAS_EPR,psycathaempressuredressing,varchar,"NA, FALSE, TRUE"
tbl_YAS_EPR,psycathaemtxa,varchar,"NA, FALSE, TRUE"
tbl_YAS_EPR,psyresult,varchar,"Clear, RadialPulse, Alert"
tbl_YAS_EPR,psytime,varchar,"NA, 2020-02-11T12:39:34Z, 2020-03-19T13:51:35Z"
tbl_YAS_EPR,psytype,varchar,"AVPU, Airway, Breathing"
tbl_YAS_EPR,bbaactivity,varchar,", NA"
tbl_YAS_EPR,icpurinalysissamplesent,varchar,"NA, FALSE"
tbl_YAS_EPR,incarrivedestination,varchar,"1753-01-01T00:00:00Z, 1753-01-01T14:53:00Z"
tbl_YAS_EPR,inctimepatside,varchar,"1753-01-01T00:00:00Z, 2021-05-03T14:06:00Z"
tbl_YAS_EPR,obsbpmeasuredby,varchar,"Right arm, NA"
tbl_YAS_EPR,obshypercapnicrespfailure,varchar,"0, 1"
tbl_YAS_EPR,obspainscore,varchar,"NA, 0"
tbl_YAS_EPR,patientallergies,varchar,"0, 1"
tbl_YAS_EPR,pochandoveratmist,varchar,"FALSE, NA"
tbl_YAS_EPR,pochandoversbar,varchar,"TRUE, NA"
tbl_YAS_EPR,porreferralaccepted,varchar,"NA, TRUE"
tbl_YAS_EPR,LoadedToGCP,datetime,"Mar 28 2023  3:38PM, Mar 28 2023  3:15PM, Mar 28 2023  3:14PM"
tbl_YAS_EPR,rowid,int,"5934046, 11074428, 7082969"
tbl_YAS_EPR,cb_datasetref,varchar,"OpenPseudonymised_05_2022- EPR, OpenPseudonymised_04_2022- EPR, OpenPseudonymised_03_2022- EPR"
tbl_YAS_EPR,cb_date_added,datetime2,00:00.0
tbl_YAS_EPR,person_id,varchar,"1D4EC36049014E7B0D6413385F8E823A19BE67A687AA956C77838C3A0786001A, C1B94EF51BBDED6B463B77DBC3E31771DF3A35D5236A9C20501E375263FE310D, BCF35005A695FB74974DD983EC400F1DF99C26D7C553FF729FA7405A78B1B1D4"
tbl_YAS_IUC,tbl_YAS_IUC_start_date,datetime,"Nov  9 2024 11:54AM, Nov 30 2024  8:33AM, Nov  9 2024 10:55AM"
tbl_YAS_IUC,tbl_YAS_IUC_end_date,datetime,"Nov  9 2024 11:54AM, Nov 30 2024  8:33AM, Nov  9 2024 10:55AM"
tbl_YAS_IUC,caseref,varchar,"F23D56DD7D6CF58E7D59785B99287E92DC869E143D6377671902DA3AEB8B1DF1, E2B0391A49932991F9ABAF3DA6DFC72985652D6F7658B0513409B8B39B36DD8D, B4302556A534F9A6AB516621F3DBA19025FE21E6BFDA8E0265CCA00B6566248E"
tbl_YAS_IUC,caseno,varchar,"5BAA1A5438C2ECA8A405A8E6C80049F35E9FF1F25783E967335781113763005C, A2871700E102E7B5DFC6FE99DB8F40037E6C1E88C7BB4FF7990C5427DC16A4EE, E2832038B45B57BBE05AF233473C8B8F05E22C4EC48A1127AB3EB8D5C2B9EF21"
tbl_YAS_IUC,receiving_call_centre,varchar,"Wakefield, Rotherham, Remote Working"
tbl_YAS_IUC,999_to_111,varchar,"0, 1"
tbl_YAS_IUC,999_cad_number,varchar,"9DF456A98CD66B0A44234BAAE937A225F184579C71B316C6A20995B19CD81D06,  , 0"
tbl_YAS_IUC,call_commenced_date_time,varchar,"Dec 28 2020 10:55AM, May 25 2020  9:47AM, Dec 28 2020 11:19AM"
tbl_YAS_IUC,age,varchar,"1, 2, 3"
tbl_YAS_IUC,sex,varchar,"F, M, N"
tbl_YAS_IUC,patient_home_postcode,varchar,"S5, HU9, HU7"
tbl_YAS_IUC,patient_current_postcode,varchar,"S5, HU9, HU7"
tbl_YAS_IUC,ccg_name,varchar,"NHS Sheffield CCG, NHS Bradford Districts CCG, NHS Leeds West CCG"
tbl_YAS_IUC,gp_surgery,varchar,"New Hall Surgery(Hull), Victoria Way (Priory Medical Group)"
tbl_YAS_IUC,gp_surgery_id,varchar,"B82005, B81048"
tbl_YAS_IUC,first_party_caller,varchar,"1, 0"
tbl_YAS_IUC,case_type,varchar,"IUC Cases, IUC Clinician, Priority Case"
tbl_YAS_IUC,highest_skillset,varchar,"Call Handler, Clinical Advisor"
tbl_YAS_IUC,call_handler_1_-_triage_start_time,varchar,"nan, "
tbl_YAS_IUC,call_handler_1_-_triage_end_time,varchar,"nan, "
tbl_YAS_IUC,call_handler_1_-_dx_code,varchar,"Dx05, Dx06, Dx02"
tbl_YAS_IUC,call_handler_2_-_triage_start_time,varchar,"nan, "
tbl_YAS_IUC,call_handler_2_-_triage_end_time,varchar,"nan, "
tbl_YAS_IUC,call_handler_2_-_dx_code,varchar," , Dx02"
tbl_YAS_IUC,call_handler_3_-_triage_start_time,varchar,"nan, "
tbl_YAS_IUC,call_handler_3_-_triage_end_time,varchar,"nan, "
tbl_YAS_IUC,call_handler_3_-_dx_code,varchar," , Dx02"
tbl_YAS_IUC,clinical_advisor_1_-_triage_start_time,varchar,"nan, "
tbl_YAS_IUC,clinical_advisor_1_-_triage_end_time,varchar,"nan, "
tbl_YAS_IUC,clinical_advisor_1_-_dx_code,varchar," , Dx108"
tbl_YAS_IUC,clinical_advisor_2_-_triage_start_time,varchar,"nan, "
tbl_YAS_IUC,clinical_advisor_2_-_triage_end_time,varchar,"nan, "
tbl_YAS_IUC,clinical_advisor_2_-_dx_code,varchar," , Dx108"
tbl_YAS_IUC,clinical_advisor_3_-_triage_start_time,varchar,"nan, "
tbl_YAS_IUC,clinical_advisor_3_-_triage_end_time,varchar,"nan, "
tbl_YAS_IUC,clinical_advisor_3_-_dx_code,varchar," , Dx108"
tbl_YAS_IUC,non-clinical_dx_code,varchar,"Dx02, Dx05, Dx06"
tbl_YAS_IUC,non-clinical_dx_description,varchar,"To contact a Primary Care Service within 2 Hours, Refer to Treatment Centre within 1 hour, To contact a Primary Care Service within 6 Hours"
tbl_YAS_IUC,nhs_england_mds_-_non-clinical_dx_group,varchar,"5.25a (Contact to Primary care), 5.26 (Other Service), 5.24 (A&amp;E)"
tbl_YAS_IUC,iuc_adc_-_clinical_dx_group,nvarchar,"5.6.1.3., 5.6.1.7., 5.6.1.2."
tbl_YAS_IUC,clinical_dx_code,nvarchar," , Dx108"
tbl_YAS_IUC,clinical_dx_description,varchar," , Home Management"
tbl_YAS_IUC,nhs_england_mds_-_clinical_dx_group,varchar," , 5.25a (Contact to Primary care)"
tbl_YAS_IUC,iuc_adc_-_non-clinical_dx_group,nvarchar," , 5.6.1.3."
tbl_YAS_IUC,final_dx_code,nvarchar,"Dx02, Dx05, Dx06"
tbl_YAS_IUC,final_dx_description,varchar,"To contact a Primary Care Service within 2 Hours, Refer to Treatment Centre within 1 hour, To contact a Primary Care Service within 6 Hours"
tbl_YAS_IUC,nhs_england_mds_-_final_dx_group,varchar,"5.25a (Contact to Primary care), 5.24 (A&amp;E), 5.25b (Speak to Primary care)"
tbl_YAS_IUC,iuc_adc_-_final_dx_group,varchar,"5.6.2.3., 5.6.2.2., 5.6.2.4."
tbl_YAS_IUC,first_pathway_selected,varchar,"Pathway selected - Abdominal Pain, Pathway selected - Skin Problems"
tbl_YAS_IUC,final_symptom_group,varchar,"1039, 1234, 1140"
tbl_YAS_IUC,final_symptom_discriminator,varchar,"4003, 4052, 4003.0"
tbl_YAS_IUC,callbackrequired,varchar,"0, 1"
tbl_YAS_IUC,call_back_start_time,varchar,"nan, "
tbl_YAS_IUC,called_back,varchar,"0, 1"
tbl_YAS_IUC,first_attempted_callback_time,varchar,"nan, "
tbl_YAS_IUC,call_back_end_time,varchar,"nan, "
tbl_YAS_IUC,total_attempted_callbacks,varchar,"0, 1"
tbl_YAS_IUC,referral_service,varchar," , GP OOH: Sheffield (GP Collaborative) (HOME OOH PROVIDER)"
tbl_YAS_IUC,referral_service_type,varchar,"Integrated Urgent Care (IUC) Treatment, GP Practice"
tbl_YAS_IUC,warm_transferred,varchar,"0, 1"
tbl_YAS_IUC,secure_information_transfer_(itk_or_e-mail),varchar,"1, 0"
tbl_YAS_IUC,direct_booking,varchar,"0, 1"
tbl_YAS_IUC,direct_booking_service,varchar," , Sheffield Walk In Centre  / N Y02565 Nhs111 Y02565"
tbl_YAS_IUC,appointment_time,varchar,"00:00:00, 10:00:00"
tbl_YAS_IUC,rejected_service,varchar," , Boots Pharmacy"
tbl_YAS_IUC,[rejected_service_reason,varchar," , Other reason"
tbl_YAS_IUC,loaded_to_gcp,varchar,NULL
tbl_YAS_IUC,cb_datasetref,varchar,"CB_missing_iuc_cases_final_2025, CB_Missing_IUC_BAckLoad, OpenPseudonymised_December 2023 - IUC"
tbl_YAS_IUC,cb_date_added,datetime2,"2024-11-25 00:00:00.0000000, 2024-05-28 00:00:00.0000000, 2024-11-25 11:51:56.0000000"
tbl_YAS_PTS,tbl_YAS_PTS_start_date,datetime,"May  8 2024 12:00AM, Apr 30 2024 12:00AM, Apr 25 2024 12:00AM"
tbl_YAS_PTS,tbl_YAS_PTS_end_date,datetime,"May  8 2024 12:00AM, Apr 30 2024 12:00AM, Apr 25 2024 12:00AM"
tbl_YAS_PTS,date_received,varchar,"04/05/2023 15:59:31, 08/12/2022 11:28:28, 25/05/2023 17:43:07"
tbl_YAS_PTS,start_date,varchar,"08/05/2024 00:00:00, 30/04/2024 00:00:00, 25/04/2024 00:00:00"
tbl_YAS_PTS,service_type_text,varchar,"PTS, Palliative Day"
tbl_YAS_PTS,planned_mileage,varchar,"3, 2, 4"
tbl_YAS_IUC,person_id,varchar,"0B8AAAE90B072549638531255C359F7CC1461E41DBFA9DDAB9867BCE1261F59F, 879D0AA0E8C9C30425B0BB41A143847521FEB8756452FBAD7232A4001A3C8442, 74B1762DED3BAFEF485B67DC68B02676EA58425784E952285DB813F2428EF510"
tbl_YAS_PTS,journeyid,varchar,"A1411DC36182879BFA2F76118A3FEB61C36E2B768E8A4505E34D6F2CA9B78F30, 6EA243198A1DC8EA9CCDB907624B0C5CD966EA2EB25474C7C3587CD5C5E5E569, DAA1AD4DD6873F80E1E88A4EBEEAC290FF9CF673C133C4C9FABE3D1B8B5E6C54"
tbl_YAS_PTS,direction_text,varchar,"Outward, Inward"
tbl_YAS_PTS,contract_text,varchar,"Leeds Teaching Hospitals Renals, South CCGs, York &amp; Scarborough CCGs 2018"
tbl_YAS_PTS,contract_hospital_text,varchar,"Bexley Wing (St James's), Hull Royal Infirmary, Seacroft Hospital"
tbl_YAS_PTS,contract_clinic_text,varchar,"Renal Dialysis, Renal, Radiotherapy Reception (-2 Flr)"
tbl_YAS_PTS,from_town,varchar,"Leeds, Sheffield, Hull"
tbl_YAS_PTS,from_district,varchar,", Beeston"
tbl_YAS_PTS,from_post_code,varchar,"LS9, HU3, S5"
tbl_YAS_PTS,from_hospital_text,varchar,", Hull Royal Infirmary"
tbl_YAS_PTS,from_clinic_text,varchar,", Renal Dialysis"
tbl_YAS_PTS,to_town,varchar,"Leeds, Sheffield, Hull"
tbl_YAS_PTS,to_district,varchar,", Beeston"
tbl_YAS_PTS,to_post_code,varchar,"LS9, S10, LS14"
tbl_YAS_PTS,to_hospital_text,varchar,", Bexley Wing (St James's)"
tbl_YAS_PTS,to_clinic_text,varchar,", Renal Dialysis"
tbl_YAS_PTS,journey_time,varchar,"10:00:00, 11:00:00, 12:00:00"
tbl_YAS_PTS,pick_up_time,varchar,", 11:30:00"
tbl_YAS_PTS,drop_off_time,varchar,", 13:00:00"
tbl_YAS_PTS,abort_reason_text,varchar,", Making Own Way"
tbl_YAS_PTS,date_aborted,varchar,", 53:29.5"
tbl_YAS_PTS,cancel_reason_text,varchar,", Cancelled by Patient/Relative"
tbl_YAS_PTS,date_cancelled,varchar,", 11/09/2024"
tbl_YAS_PTS,category_text,varchar,"Outpatient, Day Patient, Unplanned Discharge"
tbl_YAS_PTS,call_sign,varchar,"8E871BB7CAACAD5891DD4EFF7AD6560E5E66F9079436402AF87B2298CA9CEE24, DB45CFCF35B5BC477F7517C382720B285B059CF396EB86184A96EBAFF0D1BD05, C572DA3A24DE35708EE8EF07C3A6FBCDA230B93A67EA71ABFB7E4488D1D8EE12"
tbl_YAS_PTS,mobility_text,varchar,"SC - Driver Only, T1-Driver + Tail Lift, W1 - Driver + Own chair"
tbl_YAS_PTS,patient_age_when_transported,varchar,"77, 76, 78"
tbl_YAS_PTS,sex,varchar,"Male, Female, Unknown"
tbl_YAS_PTS,ccg,varchar,"Leeds Ccg, Wakefield Ccg, Sheffield Ccg"
tbl_YAS_PTS,requestee_type_text,varchar,"PIN Holder, Patient, Department"
tbl_YAS_PTS,requested_method_text,varchar,"Telephone, Online, Direct Input - Pas"
tbl_YAS_PTS,patient_practice_text,varchar,"Practice 3  Medical Centre  Brid-Bridlington, Holderness Health-Withernsea, Central Healthcare Belgrave-Scarborough"
tbl_YAS_PTS,patient_practice_national_id,varchar,"B81025, B81069, B82005"
tbl_YAS_PTS,passenger_batch_id,varchar,"1242543, 902425, 1154842"
tbl_YAS_PTS,relative_escort_count,varchar,", 1.0"
tbl_YAS_PTS,medical_escort_count,varchar,", 1.0"
tbl_YAS_PTS,user_ecr_reason_text,varchar,", Journey Outside Of Contract Time"
tbl_YAS_PTS,total_charge,varchar,", 22.75"
tbl_YAS_PTS,fixed_charge,varchar,", 20.8"
tbl_YAS_PTS,mileage_charge,varchar,", 1.95"
tbl_YAS_PTS,waiting_time_charge,varchar,", 17.629999999999999"
tbl_YAS_PTS,exception_reason,varchar,", Acute Issue Demand"
tbl_YAS_PTS,loaded_to_gcp,varchar,NULL
tbl_YAS_PTS,cb_datasetref,varchar,"OpenPseudonymised_October 2024 - PTS, OpenPseudonymised_May 2024 - PTS, OpenPseudonymised_January 2025 - PTS"
tbl_YAS_PTS,cb_date_added,datetime2,"2024-05-28 00:00:00.0000000, 2025-02-13 12:44:49.7500000, 2025-06-09 14:09:04.0000000"
tbl_YAS_PTS,person_id,varchar,"5604ACED7086736C48D6B1B52215640F16CD1DB739E8131E072B975D4FF7A688, A0D1AE68FE70B8B4E9B22787F58308E406C7C99C5F42497753469C12FCD59CE1, F473FF9F307FC0DDEB687DD55AD3A75BA006541F91DC33AFC69F3CC722B93750"
tmp_persons_distinct,person_id,varchar,"62F17D78346517F8198DEDE0A89815C72E32E6357FAFC93652B45613EEDFE7CA, 0B01BC78E1AA6051002F7F100BEA92DE692035629CC68B82941BE1DBC3F5F573, A72025AD79C27C123C509615D852A1C30A96359D0A66E3DCDACC897F974CB968"
